{
  "HOME PAGE - HTTP REQUEST" : {
    "transaction" : "HOME PAGE - HTTP REQUEST",
    "sampleCount" : 10,
    "errorCount" : 0,
    "errorPct" : 0.0,
    "meanResTime" : 1104.1000000000001,
    "medianResTime" : 938.5,
    "minResTime" : 204.0,
    "maxResTime" : 2255.0,
    "pct1ResTime" : 2248.4,
    "pct2ResTime" : 2255.0,
    "pct3ResTime" : 2255.0,
    "throughput" : 3.534817956875221,
    "receivedKBytesPerSec" : 76.9927536231884,
    "sentKBytesPerSec" : 0.8422808412866737
  },
  "HOME PAGE - HTTP REQUEST-0" : {
    "transaction" : "HOME PAGE - HTTP REQUEST-0",
    "sampleCount" : 10,
    "errorCount" : 0,
    "errorPct" : 0.0,
    "meanResTime" : 102.4,
    "medianResTime" : 71.5,
    "minResTime" : 66.0,
    "maxResTime" : 245.0,
    "pct1ResTime" : 239.60000000000002,
    "pct2ResTime" : 245.0,
    "pct3ResTime" : 245.0,
    "throughput" : 3.7481259370314843,
    "receivedKBytesPerSec" : 1.2005715892053972,
    "sentKBytesPerSec" : 0.44655406671664166
  },
  "HOME PAGE - HTTP REQUEST-1" : {
    "transaction" : "HOME PAGE - HTTP REQUEST-1",
    "sampleCount" : 10,
    "errorCount" : 0,
    "errorPct" : 0.0,
    "meanResTime" : 998.9,
    "medianResTime" : 864.0,
    "minResTime" : 134.0,
    "maxResTime" : 1994.0,
    "pct1ResTime" : 1993.8,
    "pct2ResTime" : 1994.0,
    "pct3ResTime" : 1994.0,
    "throughput" : 3.8729666924864445,
    "receivedKBytesPerSec" : 83.1174961270333,
    "sentKBytesPerSec" : 0.46142767234701787
  },
  "CHANGES - HTTP Request" : {
    "transaction" : "CHANGES - HTTP Request",
    "sampleCount" : 10,
    "errorCount" : 0,
    "errorPct" : 0.0,
    "meanResTime" : 222.20000000000005,
    "medianResTime" : 212.0,
    "minResTime" : 127.0,
    "maxResTime" : 330.0,
    "pct1ResTime" : 329.4,
    "pct2ResTime" : 330.0,
    "pct3ResTime" : 330.0,
    "throughput" : 13.94700139470014,
    "receivedKBytesPerSec" : 439.7132692642957,
    "sentKBytesPerSec" : 3.6501917712691774
  },
  "Total" : {
    "transaction" : "Total",
    "sampleCount" : 60,
    "errorCount" : 0,
    "errorPct" : 0.0,
    "meanResTime" : 441.56666666666666,
    "medianResTime" : 148.5,
    "minResTime" : 54.0,
    "maxResTime" : 2255.0,
    "pct1ResTime" : 1917.0,
    "pct2ResTime" : 1995.9,
    "pct3ResTime" : 2255.0,
    "throughput" : 20.24974687816402,
    "receivedKBytesPerSec" : 359.8291691275734,
    "sentKBytesPerSec" : 3.374957813027337
  },
  "CHANGES - HTTP Request-0" : {
    "transaction" : "CHANGES - HTTP Request-0",
    "sampleCount" : 10,
    "errorCount" : 0,
    "errorPct" : 0.0,
    "meanResTime" : 74.6,
    "medianResTime" : 74.0,
    "minResTime" : 71.0,
    "maxResTime" : 84.0,
    "pct1ResTime" : 83.4,
    "pct2ResTime" : 84.0,
    "pct3ResTime" : 84.0,
    "throughput" : 15.220700152207002,
    "receivedKBytesPerSec" : 5.05374809741248,
    "sentKBytesPerSec" : 1.991771308980213
  },
  "CHANGES - HTTP Request-1" : {
    "transaction" : "CHANGES - HTTP Request-1",
    "sampleCount" : 10,
    "errorCount" : 0,
    "errorPct" : 0.0,
    "meanResTime" : 147.19999999999996,
    "medianResTime" : 138.0,
    "minResTime" : 54.0,
    "maxResTime" : 256.0,
    "pct1ResTime" : 254.9,
    "pct2ResTime" : 256.0,
    "pct3ResTime" : 256.0,
    "throughput" : 15.552099533437016,
    "receivedKBytesPerSec" : 485.1541237363919,
    "sentKBytesPerSec" : 2.0351380248833593
  }
}